『ＡＬＭＩＧＨＴＹ×１０』は|水都?あくあ|の漫画作品。	感動詞-フィラー	あの
『天眷御伽草子』は|冬季ねあ|の漫画作品。	感動詞-フィラー	あの
２０１４年にＳＫＥ４８からＡＫＢ４８に完全移籍した|木﨑?ゆりあ|のソロとしての初冠番組。	感動詞-フィラー	あの
悲しき自由の果てには|川島?だりあ|の４ｔｈシングル。	感動詞-フィラー	あの
『変態先輩と俺と彼女』は著者・山田有のイラスト・|犬洞?あん|のライトノベル。	感動詞-フィラー	あんの
１９７３年の世界卓球選手権サラエボ大会で|枝野?とみえ|とのペアでベスト４となった。	感動詞-フィラー	えと
メイン司会には吉本新喜劇の女優|未知?やすえ|と元毎日放送アナウンサーでフリーアナウンサーの近藤光史。	感動詞-フィラー	えと
三角形のテーブルにおいて画面右側に田中みな実と江藤愛、左側に|くわばた?りえ|とゲストが座り、トークを展開してゆく。	感動詞-フィラー	えと
１１月には横浜ＤｅＮＡベイスターズの親会社である|ディー?・?エヌ?・?エー|とオフィシャルタイアップパートナー契約を結んだ。	感動詞-フィラー	エーと
２０１６年９月１７日、でライト級ランキング７位の|ダスティン?・?ポイエー|と対戦し、パウンドでＫＯ勝ち。	感動詞-フィラー	エーと
ＲＩＡは現在は株式会社|アール?・?アイ?・?エー|と改称して、総合的な建築設計と都市計画コンサルタント組織となっている。	感動詞-フィラー	エーと
このパエトゥーサは、太陽神ヘーリオスとネアイラの娘で、|ラムペティエー|と姉妹。	感動詞-フィラー	エーと
しかし、１９９０年代半ばに同じく子会社であった|リクルート?フロムエー|とあわせて、リクルート本体に吸収された。	感動詞-フィラー	エーと
そして創業者同士の親交が深かった|コーエー|との合併を選択する。	感動詞-フィラー	エーと
アクタイオーンは、アポローンの子アリスタイオスと、カドモスの娘|アウトノエー|とのあいだに生まれた子で、猟師であった。	感動詞-フィラー	エーと
現在は|シンエー|との合併を経てアルフレッサグループの一社「ケーエスケー」となっている。	感動詞-フィラー	エーと
設計は株式会社|アール?・?アイ?・?エー|と明和工芸が担当し、後に建物は商環境デザイン賞を受賞することとなる。	感動詞-フィラー	エーと
二人の後任には|ドゥーエー|とヌフシャトーが就いた。	感動詞-フィラー	エーと
父は太陽神アポローンの子アリスタイオス、母はテーバイの王カドモスの子|アウトノエー|とされている。	感動詞-フィラー	エーと
本大会では|ダスティン?・?ポイエー|とマイケル・ジョンソンによるライト級ワンマッチが組まれた。	感動詞-フィラー	エーと
予言者テストールの子で、レウキッペー、|テオノエー|と兄弟。	感動詞-フィラー	エーと
