「☆自演乙☆ソング」は、|桃?井はるこ|の１７作目のシングル。	連体詞-*	この
「世の中のムダに愛を注ぐムダ救済番組」をコンセプトに、|よゐこ|の２人が毎回様々なロケを敢行していた番組である。	連体詞-*	この
『Ｈｅｒｅ』は、|三上?ちさこ|の２枚目のソロ・アルバム。	連体詞-*	この
『ＷＨＯ！？』は、|板本?こうこ|の漫画。	連体詞-*	この
『まい・ほーむ』は竹書房の雑誌『まんがくらぶ』で連載された|むんこ|の４コマ漫画作品。	連体詞-*	この
『美少女と一緒にゲームを作ったら死ぬほど楽しいに違いない』は著者・大竹康師、イラスト・|宮?あゆこ|のライトノベル。	連体詞-*	この
また大城バネサや|南?かなこ|のような南米出身の日系演歌歌手もいる。	連体詞-*	この
もうひとつの有効性は、|てこ|の原理により雪面に板を食い込ませやすくなることである。	連体詞-*	この
ヒトにおける|ペン?だこ|のように、接触刺激が継続することによってできるものではなく、尻だこは生まれつき備わっている。	連体詞-*	この
次は|のんこ|の茶碗。	連体詞-*	この
同グループ解散後は、ジャズ・フュージョン・ピアニスト|菊池?ひみこ|のグループに参加する。	連体詞-*	この
なかでも、ゆかりという商品名の|赤?じそ|のふりかけは、多くのスーパーマーケット、食料品店で取り扱われている。	連体詞-*	その
先代の|きそ|の代船として建造された。	連体詞-*	その
結成当初は|子供?ばんど|のコピーを行っていたらしい。	連体詞-*	どの
成立の過程は、|汽車?の?えほん|の中で詳述。	連体詞-*	ほんの
ポテコの姉妹品に|なげ?わ|があるが、東日本ではなげわを販売している店はあまり多くなく、ポテコの方が知名度は高い。	連体詞-*	わが
「愛の奇蹟」は、|ワン?・?リーホン|の日本２枚目シングル。	連体詞-*	ホンの
建国当初はまだキリスト教化もしておらず、|ペルーン|などの固有の神々を信仰していた。	連体詞-*	ンな
今から３００年後の|オーウェリアン|な未来。	連体詞-*	ンな
自称「売れない作家」な漫画家の松しっぽは、|チキン?な|ハートから担当編集者のジョージーにいつもビクビクとさせられている。	連体詞-*	ンな
２００５年には、フジテレビ「ザ・リサーチャー」に、インターネットラジオに関するテーマで代表の|冴沢?鐘己|が電話出演した。	連体詞-*	己が
メインイベントでは桜庭和志が敗れたものの、初参戦の|近藤?有己|がマリオ・スペーヒーをドクターストップに追い込む。	連体詞-*	己が
調理は子役の|長与?航己|が担当。	連体詞-*	己が
２０１１年、|久木田?紳吾|がファジアーノ岡山ＦＣに入団し、同部からは初のＪリーガーとなった。	連体詞-*	吾が
２代目として弟の|春吾|が養子となり家を継いだ。	連体詞-*	吾が
この差配は|佐藤?甚吾|が川島正次郎を仲介者に日本野球連盟会長の鈴木龍二と折衝して決めたとされる。	連体詞-*	吾が
これまで東映長編の監督を担当してきた藪下泰司に代わって、新東宝出身の新人の|芹川?有吾|が監督に初登板。	連体詞-*	吾が
代役は|寺?十吾|が務める。	連体詞-*	吾が
文化三年、仁正寺藩医の西生懐忠が、不動堂の横にあった八角の石柱を調査し、|鬼室?集斯|の墓碑であるとした。	連体詞-*	斯の
ただ趙朔の子の趙武のみは荘姫に育てられ、のちに|韓厥|の進言によって趙氏の後継者とされた。	連体詞-*	厥の
